<?xml version='1.0' encoding='UTF-8'?>
<org.jenkinsci.plugins.xvfb.XvfbBuildWrapper_-XvfbBuildWrapperDescriptor plugin="xvfb@1.0.6">
  <helpRedirect/>
  <installations>
    <org.jenkinsci.plugins.xvfb.XvfbInstallation>
      <name>xvfb for InaSAFE-QGIS1</name>
      <home>/usr/bin</home>
      <properties/>
    </org.jenkinsci.plugins.xvfb.XvfbInstallation>
    <org.jenkinsci.plugins.xvfb.XvfbInstallation>
      <name>xvfb for InaSAFE-QGIS2</name>
      <home>/usr/bin</home>
      <properties/>
    </org.jenkinsci.plugins.xvfb.XvfbInstallation>
    <org.jenkinsci.plugins.xvfb.XvfbInstallation>
      <name>xvfb for InaSAFE-Release-QGIS1</name>
      <home>/usr/bin</home>
      <properties/>
    </org.jenkinsci.plugins.xvfb.XvfbInstallation>
    <org.jenkinsci.plugins.xvfb.XvfbInstallation>
      <name>xvfb for InaSAFE-Release-QGIS2</name>
      <home>/usr/bin</home>
      <properties/>
    </org.jenkinsci.plugins.xvfb.XvfbInstallation>
    <org.jenkinsci.plugins.xvfb.XvfbInstallation>
      <name>xvfb for QGIS</name>
      <home>/usr/bin</home>
      <properties/>
    </org.jenkinsci.plugins.xvfb.XvfbInstallation>
    <org.jenkinsci.plugins.xvfb.XvfbInstallation>
      <name>xvfb for SANSA Catalogue Master</name>
      <home>/usr/bin</home>
      <properties/>
    </org.jenkinsci.plugins.xvfb.XvfbInstallation>
    <org.jenkinsci.plugins.xvfb.XvfbInstallation>
      <name>xvfb for SANSA Catalogue Tests</name>
      <home>/usr/bin</home>
      <properties/>
    </org.jenkinsci.plugins.xvfb.XvfbInstallation>
    <org.jenkinsci.plugins.xvfb.XvfbInstallation>
      <name>xvfb for InaSAFE Documentation Builds</name>
      <home>/usr/bin</home>
      <properties/>
    </org.jenkinsci.plugins.xvfb.XvfbInstallation>
  </installations>
</org.jenkinsci.plugins.xvfb.XvfbBuildWrapper_-XvfbBuildWrapperDescriptor>
