<?xml version='1.0' encoding='UTF-8'?>
<project>
  <actions/>
  <description></description>
  <keepDependencies>false</keepDependencies>
  <properties>
    <hudson.security.AuthorizationMatrixProperty>
      <permission>hudson.model.Run.Update:Ole.Moller.Nielsen</permission>
      <permission>hudson.model.Run.Update:Marco</permission>
      <permission>hudson.model.Run.Update:imajimatika</permission>
      <permission>hudson.model.Item.Discover:anonymous</permission>
      <permission>hudson.model.Item.Discover:Ole.Moller.Nielsen</permission>
      <permission>hudson.model.Item.Discover:Marco</permission>
      <permission>hudson.model.Item.Discover:imajimatika</permission>
      <permission>hudson.model.Item.Cancel:Ole.Moller.Nielsen</permission>
      <permission>hudson.model.Item.Cancel:Marco</permission>
      <permission>hudson.model.Item.Cancel:imajimatika</permission>
      <permission>hudson.model.Item.Workspace:Ole.Moller.Nielsen</permission>
      <permission>hudson.model.Item.Workspace:Marco</permission>
      <permission>hudson.model.Item.Workspace:imajimatika</permission>
      <permission>hudson.model.Item.Read:anonymous</permission>
      <permission>hudson.model.Item.Read:Ole.Moller.Nielsen</permission>
      <permission>hudson.model.Item.Read:Marco</permission>
      <permission>hudson.model.Item.Read:imajimatika</permission>
      <permission>hudson.model.Item.Configure:Ole.Moller.Nielsen</permission>
      <permission>hudson.model.Item.Configure:Marco</permission>
      <permission>hudson.model.Item.Configure:imajimatika</permission>
      <permission>hudson.model.Item.Build:Ole.Moller.Nielsen</permission>
      <permission>hudson.model.Item.Build:Marco</permission>
      <permission>hudson.model.Item.Build:imajimatika</permission>
      <permission>hudson.scm.SCM.Tag:Ole.Moller.Nielsen</permission>
      <permission>hudson.scm.SCM.Tag:Marco</permission>
      <permission>hudson.scm.SCM.Tag:imajimatika</permission>
      <permission>hudson.model.Run.Delete:Ole.Moller.Nielsen</permission>
      <permission>hudson.model.Run.Delete:Marco</permission>
      <permission>hudson.model.Run.Delete:imajimatika</permission>
    </hudson.security.AuthorizationMatrixProperty>
    <com.coravy.hudson.plugins.github.GithubProjectProperty plugin="github@1.4">
      <projectUrl>https://github.com/AIFDR/inasafe/</projectUrl>
    </com.coravy.hudson.plugins.github.GithubProjectProperty>
  </properties>
  <scm class="hudson.plugins.git.GitSCM" plugin="git@1.1.26">
    <configVersion>2</configVersion>
    <userRemoteConfigs>
      <hudson.plugins.git.UserRemoteConfig>
        <name></name>
        <refspec>+refs/heads/master:refs/remotes/origin/master</refspec>
        <url>git@InaSAFEGithub:AIFDR/inasafe.git</url>
      </hudson.plugins.git.UserRemoteConfig>
    </userRemoteConfigs>
    <branches>
      <hudson.plugins.git.BranchSpec>
        <name>origin/master</name>
      </hudson.plugins.git.BranchSpec>
    </branches>
    <localBranch>realtime</localBranch>
    <disableSubmodules>false</disableSubmodules>
    <recursiveSubmodules>false</recursiveSubmodules>
    <doGenerateSubmoduleConfigurations>false</doGenerateSubmoduleConfigurations>
    <authorOrCommitter>false</authorOrCommitter>
    <clean>false</clean>
    <wipeOutWorkspace>false</wipeOutWorkspace>
    <pruneBranches>false</pruneBranches>
    <remotePoll>false</remotePoll>
    <ignoreNotifyCommit>false</ignoreNotifyCommit>
    <useShallowClone>false</useShallowClone>
    <buildChooser class="hudson.plugins.git.util.DefaultBuildChooser"/>
    <gitTool>Default</gitTool>
    <browser class="hudson.plugins.git.browser.GithubWeb">
      <url>https://github.com/AIFDR/inasafe/tree/master/</url>
    </browser>
    <submoduleCfg class="list"/>
    <relativeTargetDir></relativeTargetDir>
    <reference></reference>
    <excludedRegions></excludedRegions>
    <excludedUsers></excludedUsers>
    <gitConfigName></gitConfigName>
    <gitConfigEmail></gitConfigEmail>
    <skipTag>false</skipTag>
    <includedRegions></includedRegions>
    <scmName></scmName>
  </scm>
  <canRoam>true</canRoam>
  <disabled>false</disabled>
  <blockBuildWhenDownstreamBuilding>false</blockBuildWhenDownstreamBuilding>
  <blockBuildWhenUpstreamBuilding>false</blockBuildWhenUpstreamBuilding>
  <triggers class="vector">
    <hudson.triggers.SCMTrigger>
      <spec>* * * * *</spec>
    </hudson.triggers.SCMTrigger>
  </triggers>
  <concurrentBuild>false</concurrentBuild>
  <builders>
    <hudson.tasks.Shell>
      <command>export PYTHONPATH=/usr/local/qgis-master/share/qgis/python/
export LD_LIBRARY_PATH=/usr/local/qgis-master/lib
export QGIS_PREFIX_PATH=/usr/local/qgis-master/
export INASAFE_POPULATION_PATH=/var/lib/jenkins/jobs/InaSAFE-QGIS2/exposure/population.tif

# Make sure data dir is current and synced it its git clone
scripts/update-test-data.sh

#Go on with metrics and tests
make jenkins-pyflakes
make jenkins-pep8
make jenkins-pylint
make jenkins-sloccount
make jenkins-qgis2-test</command>
    </hudson.tasks.Shell>
    <net.hurstfrost.hudson.sounds.SoundsBuildTask plugin="sounds@0.4">
      <soundSource>
        <sourceType>INTERNAL</sourceType>
        <soundId>bicyclebell</soundId>
      </soundSource>
    </net.hurstfrost.hudson.sounds.SoundsBuildTask>
  </builders>
  <publishers>
    <hudson.tasks.junit.JUnitResultArchiver>
      <testResults>nosetests.xml</testResults>
      <keepLongStdio>false</keepLongStdio>
      <testDataPublishers/>
    </hudson.tasks.junit.JUnitResultArchiver>
    <hudson.plugins.violations.ViolationsPublisher plugin="violations@0.7.11">
      <config>
        <suppressions class="tree-set">
          <no-comparator/>
        </suppressions>
        <typeConfigs>
          <no-comparator/>
          <entry>
            <string>checkstyle</string>
            <hudson.plugins.violations.TypeConfig>
              <type>checkstyle</type>
              <min>10</min>
              <max>999</max>
              <unstable>999</unstable>
              <usePattern>false</usePattern>
              <pattern></pattern>
            </hudson.plugins.violations.TypeConfig>
          </entry>
          <entry>
            <string>codenarc</string>
            <hudson.plugins.violations.TypeConfig>
              <type>codenarc</type>
              <min>10</min>
              <max>999</max>
              <unstable>999</unstable>
              <usePattern>false</usePattern>
              <pattern></pattern>
            </hudson.plugins.violations.TypeConfig>
          </entry>
          <entry>
            <string>cpd</string>
            <hudson.plugins.violations.TypeConfig>
              <type>cpd</type>
              <min>10</min>
              <max>999</max>
              <unstable>999</unstable>
              <usePattern>false</usePattern>
              <pattern></pattern>
            </hudson.plugins.violations.TypeConfig>
          </entry>
          <entry>
            <string>cpplint</string>
            <hudson.plugins.violations.TypeConfig>
              <type>cpplint</type>
              <min>10</min>
              <max>999</max>
              <unstable>999</unstable>
              <usePattern>false</usePattern>
              <pattern></pattern>
            </hudson.plugins.violations.TypeConfig>
          </entry>
          <entry>
            <string>csslint</string>
            <hudson.plugins.violations.TypeConfig>
              <type>csslint</type>
              <min>10</min>
              <max>999</max>
              <unstable>999</unstable>
              <usePattern>false</usePattern>
              <pattern></pattern>
            </hudson.plugins.violations.TypeConfig>
          </entry>
          <entry>
            <string>findbugs</string>
            <hudson.plugins.violations.TypeConfig>
              <type>findbugs</type>
              <min>10</min>
              <max>999</max>
              <unstable>999</unstable>
              <usePattern>false</usePattern>
              <pattern></pattern>
            </hudson.plugins.violations.TypeConfig>
          </entry>
          <entry>
            <string>fxcop</string>
            <hudson.plugins.violations.TypeConfig>
              <type>fxcop</type>
              <min>10</min>
              <max>999</max>
              <unstable>999</unstable>
              <usePattern>false</usePattern>
              <pattern></pattern>
            </hudson.plugins.violations.TypeConfig>
          </entry>
          <entry>
            <string>gendarme</string>
            <hudson.plugins.violations.TypeConfig>
              <type>gendarme</type>
              <min>10</min>
              <max>999</max>
              <unstable>999</unstable>
              <usePattern>false</usePattern>
              <pattern></pattern>
            </hudson.plugins.violations.TypeConfig>
          </entry>
          <entry>
            <string>jcreport</string>
            <hudson.plugins.violations.TypeConfig>
              <type>jcreport</type>
              <min>10</min>
              <max>999</max>
              <unstable>999</unstable>
              <usePattern>false</usePattern>
              <pattern></pattern>
            </hudson.plugins.violations.TypeConfig>
          </entry>
          <entry>
            <string>jslint</string>
            <hudson.plugins.violations.TypeConfig>
              <type>jslint</type>
              <min>10</min>
              <max>999</max>
              <unstable>999</unstable>
              <usePattern>false</usePattern>
              <pattern></pattern>
            </hudson.plugins.violations.TypeConfig>
          </entry>
          <entry>
            <string>pep8</string>
            <hudson.plugins.violations.TypeConfig>
              <type>pep8</type>
              <min>10</min>
              <max>999</max>
              <unstable>999</unstable>
              <usePattern>false</usePattern>
              <pattern>pep8.log</pattern>
            </hudson.plugins.violations.TypeConfig>
          </entry>
          <entry>
            <string>perlcritic</string>
            <hudson.plugins.violations.TypeConfig>
              <type>perlcritic</type>
              <min>10</min>
              <max>999</max>
              <unstable>999</unstable>
              <usePattern>false</usePattern>
              <pattern></pattern>
            </hudson.plugins.violations.TypeConfig>
          </entry>
          <entry>
            <string>pmd</string>
            <hudson.plugins.violations.TypeConfig>
              <type>pmd</type>
              <min>10</min>
              <max>999</max>
              <unstable>999</unstable>
              <usePattern>false</usePattern>
              <pattern></pattern>
            </hudson.plugins.violations.TypeConfig>
          </entry>
          <entry>
            <string>pylint</string>
            <hudson.plugins.violations.TypeConfig>
              <type>pylint</type>
              <min>10</min>
              <max>999</max>
              <unstable>999</unstable>
              <usePattern>false</usePattern>
              <pattern>pylint.log</pattern>
            </hudson.plugins.violations.TypeConfig>
          </entry>
          <entry>
            <string>simian</string>
            <hudson.plugins.violations.TypeConfig>
              <type>simian</type>
              <min>10</min>
              <max>999</max>
              <unstable>999</unstable>
              <usePattern>false</usePattern>
              <pattern></pattern>
            </hudson.plugins.violations.TypeConfig>
          </entry>
          <entry>
            <string>stylecop</string>
            <hudson.plugins.violations.TypeConfig>
              <type>stylecop</type>
              <min>10</min>
              <max>999</max>
              <unstable>999</unstable>
              <usePattern>false</usePattern>
              <pattern></pattern>
            </hudson.plugins.violations.TypeConfig>
          </entry>
        </typeConfigs>
        <limit>100</limit>
        <sourcePathPattern></sourcePathPattern>
        <fauxProjectPath></fauxProjectPath>
        <encoding>default</encoding>
      </config>
    </hudson.plugins.violations.ViolationsPublisher>
    <hudson.plugins.cobertura.CoberturaPublisher plugin="cobertura@1.7.1">
      <coberturaReportFile>coverage.xml</coberturaReportFile>
      <onlyStable>false</onlyStable>
      <failUnhealthy>false</failUnhealthy>
      <failUnstable>false</failUnstable>
      <autoUpdateHealth>false</autoUpdateHealth>
      <autoUpdateStability>false</autoUpdateStability>
      <healthyTarget>
        <targets class="enum-map" enum-type="hudson.plugins.cobertura.targets.CoverageMetric">
          <entry>
            <hudson.plugins.cobertura.targets.CoverageMetric>CONDITIONAL</hudson.plugins.cobertura.targets.CoverageMetric>
            <int>7000000</int>
          </entry>
          <entry>
            <hudson.plugins.cobertura.targets.CoverageMetric>LINE</hudson.plugins.cobertura.targets.CoverageMetric>
            <int>8000000</int>
          </entry>
          <entry>
            <hudson.plugins.cobertura.targets.CoverageMetric>METHOD</hudson.plugins.cobertura.targets.CoverageMetric>
            <int>8000000</int>
          </entry>
        </targets>
      </healthyTarget>
      <unhealthyTarget>
        <targets class="enum-map" enum-type="hudson.plugins.cobertura.targets.CoverageMetric">
          <entry>
            <hudson.plugins.cobertura.targets.CoverageMetric>CONDITIONAL</hudson.plugins.cobertura.targets.CoverageMetric>
            <int>0</int>
          </entry>
          <entry>
            <hudson.plugins.cobertura.targets.CoverageMetric>LINE</hudson.plugins.cobertura.targets.CoverageMetric>
            <int>0</int>
          </entry>
          <entry>
            <hudson.plugins.cobertura.targets.CoverageMetric>METHOD</hudson.plugins.cobertura.targets.CoverageMetric>
            <int>0</int>
          </entry>
        </targets>
      </unhealthyTarget>
      <failingTarget>
        <targets class="enum-map" enum-type="hudson.plugins.cobertura.targets.CoverageMetric">
          <entry>
            <hudson.plugins.cobertura.targets.CoverageMetric>CONDITIONAL</hudson.plugins.cobertura.targets.CoverageMetric>
            <int>0</int>
          </entry>
          <entry>
            <hudson.plugins.cobertura.targets.CoverageMetric>LINE</hudson.plugins.cobertura.targets.CoverageMetric>
            <int>0</int>
          </entry>
          <entry>
            <hudson.plugins.cobertura.targets.CoverageMetric>METHOD</hudson.plugins.cobertura.targets.CoverageMetric>
            <int>0</int>
          </entry>
        </targets>
      </failingTarget>
      <sourceEncoding>ASCII</sourceEncoding>
    </hudson.plugins.cobertura.CoberturaPublisher>
    <hudson.plugins.sloccount.SloccountPublisher plugin="sloccount@1.8">
      <pattern>sloccount.sc</pattern>
      <encoding></encoding>
    </hudson.plugins.sloccount.SloccountPublisher>
    <hudson.tasks.Mailer>
      <recipients>tim@linfiniti.com</recipients>
      <dontNotifyEveryUnstableBuild>false</dontNotifyEveryUnstableBuild>
      <sendToIndividuals>true</sendToIndividuals>
    </hudson.tasks.Mailer>
    <net.hurstfrost.hudson.sounds.HudsonSoundsNotifier plugin="sounds@0.4">
      <soundEvents>
        <net.hurstfrost.hudson.sounds.HudsonSoundsNotifier_-SoundEvent>
          <soundId>excelnt</soundId>
          <toResult>
            <name>SUCCESS</name>
            <ordinal>0</ordinal>
            <color>BLUE</color>
          </toResult>
          <fromResults>
            <hudson.model.Result>
              <name>ABORTED</name>
              <ordinal>4</ordinal>
              <color>ABORTED</color>
            </hudson.model.Result>
            <hudson.model.Result>
              <name>SUCCESS</name>
              <ordinal>0</ordinal>
              <color>BLUE</color>
            </hudson.model.Result>
            <hudson.model.Result>
              <name>UNSTABLE</name>
              <ordinal>1</ordinal>
              <color>YELLOW</color>
            </hudson.model.Result>
            <hudson.model.Result>
              <name>FAILURE</name>
              <ordinal>2</ordinal>
              <color>RED</color>
            </hudson.model.Result>
            <hudson.model.Result>
              <name>NOT_BUILT</name>
              <ordinal>3</ordinal>
              <color>NOTBUILT</color>
            </hudson.model.Result>
          </fromResults>
        </net.hurstfrost.hudson.sounds.HudsonSoundsNotifier_-SoundEvent>
        <net.hurstfrost.hudson.sounds.HudsonSoundsNotifier_-SoundEvent>
          <soundId>argh</soundId>
          <toResult>
            <name>FAILURE</name>
            <ordinal>2</ordinal>
            <color>RED</color>
          </toResult>
          <fromResults>
            <hudson.model.Result>
              <name>ABORTED</name>
              <ordinal>4</ordinal>
              <color>ABORTED</color>
            </hudson.model.Result>
            <hudson.model.Result>
              <name>SUCCESS</name>
              <ordinal>0</ordinal>
              <color>BLUE</color>
            </hudson.model.Result>
            <hudson.model.Result>
              <name>UNSTABLE</name>
              <ordinal>1</ordinal>
              <color>YELLOW</color>
            </hudson.model.Result>
            <hudson.model.Result>
              <name>FAILURE</name>
              <ordinal>2</ordinal>
              <color>RED</color>
            </hudson.model.Result>
            <hudson.model.Result>
              <name>NOT_BUILT</name>
              <ordinal>3</ordinal>
              <color>NOTBUILT</color>
            </hudson.model.Result>
          </fromResults>
        </net.hurstfrost.hudson.sounds.HudsonSoundsNotifier_-SoundEvent>
      </soundEvents>
    </net.hurstfrost.hudson.sounds.HudsonSoundsNotifier>
    <hudson.plugins.covcomplplot.CovComplPlotPublisher plugin="covcomplplot@1.1.1">
      <analyzer>Cobertura</analyzer>
      <verbose>false</verbose>
      <excludeGetterSetter>false</excludeGetterSetter>
      <locateTopMost>true</locateTopMost>
    </hudson.plugins.covcomplplot.CovComplPlotPublisher>
    <hudson.plugins.statusmonitor.MonitorPublisher plugin="statusmonitor@1.3"/>
  </publishers>
  <buildWrappers>
    <org.jenkinsci.plugins.xvfb.XvfbBuildWrapper plugin="xvfb@1.0.6">
      <installationName>xvfb for InaSAFE-QGIS2</installationName>
      <screen>1024x768x24</screen>
      <debug>true</debug>
      <timeout>0</timeout>
      <displayNameOffset>100</displayNameOffset>
      <additionalOptions></additionalOptions>
    </org.jenkinsci.plugins.xvfb.XvfbBuildWrapper>
  </buildWrappers>
</project>